{"cameraMode":{"drawMode":0,"name":"Shaded","section":"Shading Mode"},"sceneLighting":false,"audioPlay":false,"sceneViewState":{"m_AlwaysRefresh":false,"showFog":true,"showSkybox":false,"showFlares":true,"showImageEffects":true,"showParticleSystems":true,"showVisualEffectGraphs":true,"m_FxEnabled":true},"in2DMode":false,"pivot":{"x":0.038086578249931338,"y":0.1633448600769043,"z":0.1840289831161499},"rotation":{"x":0.0075712669640779499,"y":0.9921045303344727,"z":-0.10035406798124314,"w":0.07484809309244156},"size":0.20650501549243928,"orthographic":false}