{"cameraMode":{"drawMode":0,"name":"Shaded","section":"Shading Mode"},"sceneLighting":false,"audioPlay":false,"sceneViewState":{"m_AlwaysRefresh":false,"showFog":true,"showSkybox":false,"showFlares":true,"showImageEffects":true,"showParticleSystems":true,"showVisualEffectGraphs":true,"m_FxEnabled":true},"in2DMode":false,"pivot":{"x":0.07481786608695984,"y":0.15182280540466309,"z":0.049065008759498599},"rotation":{"x":0.05534803122282028,"y":-0.518189013004303,"z":0.03363078460097313,"w":0.8528129458427429},"size":0.20650501549243928,"orthographic":false}