{"cameraMode":{"drawMode":0,"name":"Shaded","section":"Shading Mode"},"sceneLighting":false,"audioPlay":false,"sceneViewState":{"m_AlwaysRefresh":false,"showFog":true,"showSkybox":false,"showFlares":true,"showImageEffects":true,"showParticleSystems":true,"showVisualEffectGraphs":true,"m_FxEnabled":true},"in2DMode":false,"pivot":{"x":2.0859997272491457,"y":-0.7323100566864014,"z":1.1278458833694459},"rotation":{"x":0.1932787001132965,"y":0.22296147048473359,"z":-0.04515457898378372,"w":0.9544146060943604},"size":0.0433012992143631,"orthographic":false}