{"cameraMode":{"drawMode":0,"name":"Shaded","section":"Shading Mode"},"sceneLighting":true,"audioPlay":false,"sceneViewState":{"m_AlwaysRefresh":false,"showFog":true,"showSkybox":true,"showFlares":true,"showImageEffects":true,"showParticleSystems":true,"showVisualEffectGraphs":true,"m_FxEnabled":true},"in2DMode":false,"pivot":{"x":285.1345520019531,"y":1082.7078857421875,"z":-292.3406066894531},"rotation":{"x":-0.10889770090579987,"y":0.0372653491795063,"z":0.004082536790519953,"w":0.9933498501777649},"size":132.09068298339845,"orthographic":false}