{"cameraMode":{"drawMode":0,"name":"Shaded","section":"Shading Mode"},"sceneLighting":false,"audioPlay":false,"sceneViewState":{"m_AlwaysRefresh":false,"showFog":true,"showSkybox":false,"showFlares":true,"showImageEffects":true,"showParticleSystems":true,"showVisualEffectGraphs":true,"m_FxEnabled":true},"in2DMode":false,"pivot":{"x":0.271144837141037,"y":0.5172066688537598,"z":0.07795433700084686},"rotation":{"x":0.013030556961894036,"y":0.9741255044937134,"z":0.05821603909134865,"w":-0.21803784370422364},"size":1.3869068622589112,"orthographic":false}