{"cameraMode":{"drawMode":0,"name":"Shaded","section":"Shading Mode"},"sceneLighting":false,"audioPlay":false,"sceneViewState":{"m_AlwaysRefresh":false,"showFog":true,"showSkybox":false,"showFlares":true,"showImageEffects":true,"showParticleSystems":true,"showVisualEffectGraphs":true,"m_FxEnabled":true},"in2DMode":false,"pivot":{"x":-0.46478593349456789,"y":0.42122983932495119,"z":6.584447860717773},"rotation":{"x":0.019176499918103219,"y":0.03808104619383812,"z":0.0007308435742743313,"w":-0.9990987181663513},"size":3.5660250186920168,"orthographic":false}